section,keywords,title,venue,year,url
1. Related Surveys,geometric deep learning primer,Geometric deep learning: going beyond Euclidean data,IEEE SPM,2017,https://doi.org/10.1109/MSP.2017.2693418
1. Related Surveys,end-to-end constrained optimization,End-to-end constrained optimization learning: A survey,arXiv,2021,https://arxiv.org/pdf/2103.16378
1. Related Surveys,grids / groups / graphs / gauges,"Geometric deep learning: Grids, groups, graphs, geodesics, and gauges",arXiv,2021,https://arxiv.org/pdf/2104.13478
1. Related Surveys,learning-to-optimize benchmark,Learning to optimize: A primer and a benchmark,arXiv,2021,https://arxiv.org/pdf/2103.12828
1. Related Surveys,ML for combinatorial optimization,Machine learning for combinatorial optimization: a methodological tour d’horizon,EJOR,2021,https://doi.org/10.1016/j.ejor.2020.07.063
1. Related Surveys,physics-informed ML overview,Physics-informed machine learning,Nat. Rev. Phys.,2021,https://doi.org/10.1038/s42254-021-00314-5
1. Related Surveys,RL for combinatorial optimization,Reinforcement learning for combinatorial optimization: A survey,COR,2021,https://doi.org/10.1016/j.cor.2021.105400
1. Related Surveys,PIML problems / methods / applications,"Physics-informed machine learning: A survey on problems, methods and applications",arXiv,2022,https://arxiv.org/pdf/2211.08064
1. Related Surveys,amortized continuous optimization,Tutorial on amortized optimization,arXiv,2022,https://arxiv.org/abs/2202.00665
1. Related Surveys,controllable text generation survey,Controllable text generation for large language models: A survey,arXiv,2024,https://arxiv.org/pdf/2408.12599
1. Related Surveys,decision-focused learning survey,"Decision-focused learning: Foundations, state of the art, benchmark and future opportunities",JAIR,2024,https://doi.org/10.1613/jair.1.15320
1. Related Surveys,physics-informed computer vision,Physics-informed computer vision: A review and perspectives,ACM CSUR,2024,https://dl.acm.org/doi/10.1145/3689037
1. Related Surveys,PINN techniques and trends,"Understanding physics-informed neural networks: techniques, applications, trends, and challenges",AI,2024,https://doi.org/10.3390/ai5030074
1. Related Surveys,contextual optimization survey,A survey of contextual optimization methods for decision-making under uncertainty,EJOR,2025,https://doi.org/10.1016/j.ejor.2024.03.020
1. Related Surveys,trustworthy optimization learning,Trustworthy Optimization Learning: A Brief Overview,Math. Optimization for ML,2025,https://doi.org/10.1515/9783111376776-009
1. Related Surveys,physics-informed ML survey,When physics meets machine learning: A survey of physics-informed machine learning,ML Comput. Sci. Eng.,2025,https://doi.org/10.1007/s44379-025-00016-0
2.1.1 Soft-Penalty Training,differentiable logical-violation loss,DL2: Training and Querying Neural Networks with Logic,ICML,2019,https://proceedings.mlr.press/v97/fischer19a.html
2.1.1 Soft-Penalty Training,AC-OPF physics-informed residuals,Physics-Informed Neural Networks for AC Optimal Power Flow,arXiv,2021,https://arxiv.org/pdf/2110.02672
2.1.1 Soft-Penalty Training,DC-OPF worst-case PINN,Physics-informed neural networks for minimising worst-case violations in DC optimal power flow,SmartGridComm,2021,https://doi.org/10.1109/SmartGridComm51999.2021.9632308
2.1.1 Soft-Penalty Training,worst-case violation training,Minimizing worst-case violations of neural networks,arXiv,2022,https://arxiv.org/pdf/2212.10930
2.1.1 Soft-Penalty Training,violation-driven data enrichment,Enriching neural network training dataset to improve worst-case performance guarantees,PowerTech,2023,https://doi.org/10.1109/PowerTech55446.2023.10202770
2.1.1 Soft-Penalty Training,worst-case AC-OPF guarantees,Neural Networks for AC Optimal Power Flow: Improving Worst-Case Guarantees during Training,arXiv,2025,https://arxiv.org/pdf/2510.23196
2.1.2 Lagrangian-Based Training,Lagrangian-dual OPF prediction,Predicting AC optimal power flows: Combining deep learning and Lagrangian dual methods,AAAI,2020,https://ojs.aaai.org/index.php/AAAI/article/view/5403
2.1.2 Lagrangian-Based Training,stochastic augmented-Lagrangian training,Training Neural Networks under Physical Constraints Using a Stochastic Augmented Lagrangian Approach,arXiv,2020,https://arxiv.org/abs/2009.07330
2.1.2 Lagrangian-Based Training,log-barrier constrained training,Constrained deep networks: Lagrangian optimization via log-barrier extensions,EUSIPCO,2022,https://doi.org/10.23919/EUSIPCO55093.2022.9909927
2.1.2 Lagrangian-Based Training,nonconvex constrained learning,Constrained learning with non-convex losses,IEEE TIT,2023,https://doi.org/10.1109/TIT.2022.3187948
2.1.2 Lagrangian-Based Training,resilient constrained learning,Resilient constrained learning,NeurIPS,2023,https://openreview.net/forum?id=h0RVoZuUl6
2.1.2 Lagrangian-Based Training,self-supervised primal-dual learning,Self-supervised primal-dual learning for constrained optimization,AAAI,2023,https://ojs.aaai.org/index.php/AAAI/article/view/25520
2.1.2 Lagrangian-Based Training,near-optimal constrained learning,Near-Optimal Solutions of Constrained Learning Problems,ICLR,2024,https://openreview.net/forum?id=fDaLmkdSKU
2.1.2 Lagrangian-Based Training,functional risk-constrained duality,Strong Duality Relations in Nonconvex Risk-Constrained Learning,arXiv,2024,https://arxiv.org/pdf/2312.01110
2.1.2 Lagrangian-Based Training,augmented-Lagrangian constrained learning,AL-CoLe: Augmented Lagrangian for Constrained Learning,arXiv,2025,https://arxiv.org/pdf/2510.20995
2.1.2 Lagrangian-Based Training,pointwise-constrained OPF learning,Learning Optimal Power Flow with Pointwise Constraints,arXiv,2025,https://arxiv.org/pdf/2510.20777
2.1.2 Lagrangian-Based Training,statistical equality constraints,Learning with Statistical Equality Constraints,arXiv,2025,https://arxiv.org/pdf/2511.14320
2.1.2 Lagrangian-Based Training,Lagrangian-augmented neural network,Enforcing Domain Constraints Through Lagrangian Primal-Dual Learning,Neural Comput. Appl.,2026,https://link.springer.com/content/pdf/10.1007/s00521-026-11880-z.pdf
2.1.3 Verification-Guided Training,MIP neural verification,Evaluating robustness of neural networks with mixed integer programming,arXiv,2017,https://arxiv.org/pdf/1711.07356
2.1.3 Verification-Guided Training,ReLU stability for verification,Training for faster adversarial robustness verification via inducing ReLU stability,arXiv,2018,https://arxiv.org/pdf/1809.03008
2.1.3 Verification-Guided Training,nonlinear-spec verification,Verification of non-linear specifications for neural networks,arXiv,2019,https://arxiv.org/pdf/1902.09592
2.1.3 Verification-Guided Training,constraint-limit calibration,DeepOPF+: A deep neural network approach for DC optimal power flow for ensuring feasibility,SmartGridComm,2020,https://doi.org/10.1109/SmartGridComm47815.2020.9303017
2.1.3 Verification-Guided Training,OPF worst-case certificates,Learning optimal power flow: Worst-case guarantees for neural networks,SmartGridComm,2020,https://doi.org/10.1109/SmartGridComm47815.2020.9302963
2.1.3 Verification-Guided Training,Beta-CROWN bound propagation,Beta-CROWN: Efficient bound propagation with per-neuron split constraints for complete and incomplete neural network verification,NeurIPS,2021,https://proceedings.neurips.cc/paper/2021/hash/fac7fead96dafceaf80c1daffeae82a4-Abstract.html
2.1.3 Verification-Guided Training,offline parameter repair,Provable repair of deep neural networks,PLDI,2021,https://dl.acm.org/doi/10.1145/3453483.3454064
2.1.3 Verification-Guided Training,power-system NN verification,Verification of neural network behaviour: Formal guarantees for power system applications,IEEE TSG,2021,https://doi.org/10.1109/TSG.2020.3009401
2.1.3 Verification-Guided Training,input-output specification training,Learning neural networks under input-output specifications,ACC,2022,https://doi.org/10.23919/ACC53348.2022.9867571
2.1.3 Verification-Guided Training,parameter-level SDP certificate,Neural Network Training under Semidefinite Constraints,arXiv,2022,https://arxiv.org/abs/2201.00632
2.1.3 Verification-Guided Training,SDP robustness certificate,Safety verification and robustness analysis of neural networks via quadratic constraints and semidefinite programming,IEEE TAC,2022,https://doi.org/10.1109/TAC.2020.3046193
2.1.3 Verification-Guided Training,REASSURE localized patch networks,Sound and Complete Neural Network Repair with Minimality and Locality Guarantees,ICLR,2022,https://openreview.net/forum?id=xS8AMYiEav3
2.1.3 Verification-Guided Training,counterexample-guided network repair,A Robust Optimisation Perspective on Counterexample-Guided Repair of Neural Networks,ICML,2023,https://proceedings.mlr.press/v202/boetius23a.html
2.1.3 Verification-Guided Training,architecture-preserving repair,Architecture-preserving provable repair of deep neural networks,POPL,2023,https://dl.acm.org/doi/10.1145/3591238
2.1.3 Verification-Guided Training,verified preventive constraint tightening,Ensuring DNN Solution Feasibility for Optimization Problems with Linear Constraints,ICLR,2023,https://openreview.net/forum?id=QVcDQJdFTG
2.1.3 Verification-Guided Training,POLICE linear enforcement,POLICE: Provably optimal linear constraint enforcement for deep neural networks,ICASSP,2023,https://doi.org/10.1109/ICASSP49357.2023.10096520
2.1.3 Verification-Guided Training,provable parameter editing,Provable Editing of Deep Neural Networks using Parametric Linear Relaxation,NeurIPS,2024,https://openreview.net/forum?id=IGhpUd496D
2.1.3 Verification-Guided Training,multi-region affine enforcement,mPOLICE: Provable Enforcement of Multi-Region Affine Constraints in Deep Neural Networks,arXiv,2025,https://arxiv.org/pdf/2502.02434
2.1.3 Verification-Guided Training,provable input-output specification repair,Provable Repair of Deep Neural Network Defects by Preimage Synthesis and Property Refinement,CCS,2025,https://arxiv.org/abs/2511.07741
2.1.3 Verification-Guided Training,hybrid-zonotope safe training,Provably-safe neural network training using hybrid zonotope reachability analysis,CDC,2025,https://doi.org/10.1109/CDC57313.2025.11312423
2.2.1 Explicit Feasibility Layers,safe predictor mixture,Safe predictors for enforcing input-output specifications,arXiv,2020,https://arxiv.org/abs/2001.11062
2.2.1 Explicit Feasibility Layers,hierarchical label consistency,Multi-Label Classification Neural Networks with Hard Logical Constraints,JAIR,2021,https://doi.org/10.1613/jair.1.12850
2.2.1 Explicit Feasibility Layers,forward-pass theory-guided projection,Theory-Guided Hard Constraint Projection (HCP): A Knowledge-Based Data-Driven Scientific Machine Learning Method,J. Comput. Phys.,2021,https://doi.org/10.1016/j.jcp.2021.110624
2.2.1 Explicit Feasibility Layers,convex ray-and-scale feasibility layer,A new computationally simple approach for implementing neural networks with output hard constraints,Doklady Mathematics,2023,https://doi.org/10.1134/S1064562423701077
2.2.1 Explicit Feasibility Layers,renormalizing constraint layer,Hard-constrained deep learning for climate downscaling,JMLR,2023,https://jmlr.org/papers/v24/23-0158.html
2.2.1 Explicit Feasibility Layers,LOOP-LC 2.0 generalized gauge map,"Toward Rapid, Optimal, and Feasible Power Dispatch through Generalized Neural Mapping",arXiv,2023,https://arxiv.org/pdf/2311.04838
2.2.1 Explicit Feasibility Layers,power-balance and reserve repair layers,End-to-end feasible optimization proxies for large-scale economic dispatch,IEEE TPS,2024,https://doi.org/10.1109/TPWRS.2023.3317352
2.2.1 Explicit Feasibility Layers,Hard affine enforcement layer,HardNet: Hard-constrained neural networks with universal approximation guarantees,arXiv,2024,https://arxiv.org/pdf/2410.10807
2.2.1 Explicit Feasibility Layers,compiled linear-constraint correction,How Realistic Is Your Synthetic Data? Constraining Deep Generative Models for Tabular Data,ICLR,2024,https://proceedings.iclr.cc/paper_files/paper/2024/file/887932131fddf943e8fe3310b62c0147-Paper-Conference.pdf
2.2.1 Explicit Feasibility Layers,star-shaped ray-and-scale feasibility layer,Imposing Star-Shaped Hard Constraints on the Neural Network Output,Mathematics,2024,https://doi.org/10.3390/math12233788
2.2.1 Explicit Feasibility Layers,integer rounding and continuous correction,Learning to optimize for mixed-integer non-linear programming with feasibility guarantees,arXiv,2024,https://arxiv.org/pdf/2410.11061
2.2.1 Explicit Feasibility Layers,KKT-hPINN closed-form equality projection,Physics-Informed Neural Networks with Hard Linear Equality Constraints,arXiv,2024,https://arxiv.org/abs/2402.07251
2.2.1 Explicit Feasibility Layers,adaptive constraint correction,Adaptive Correction for Ensuring Conservation Laws in Neural Operators,arXiv,2025,https://arxiv.org/abs/2505.24579v2
2.2.1 Explicit Feasibility Layers,compiled disjunctive-constraint correction,Beyond the Convexity Assumption: Realistic Tabular Data Generation under Quantifier-Free Real Linear Constraints,ICLR,2025,https://proceedings.iclr.cc/paper_files/paper/2025/hash/47360925c45a166c96f652589265dee9-Abstract-Conference.html
2.2.1 Explicit Feasibility Layers,safe-network decision rules,Enforcing Hard Linear Constraints in Deep Learning Models with Decision Rules,NeurIPS,2025,https://papers.neurips.cc/paper_files/paper/2025/hash/975a1a8e86e72c148aa2152243953064-Abstract-Conference.html
2.2.1 Explicit Feasibility Layers,CAffNet / CAffine layer,CAffNet: Hard Constraint-Affine Neural Networks,arXiv,2026,https://arxiv.org/pdf/2605.24437
2.2.1 Explicit Feasibility Layers,autoencoder-based projection,Improving Feasibility via Fast Autoencoder-Based Projections,ICLR,2026,https://openreview.net/forum?id=dVlkUtsyg7
2.2.1 Explicit Feasibility Layers,CAffNet-Lite CBF-by-construction controller,Learning Safe-by-Design Neural Network Controllers,arXiv,2026,https://arxiv.org/abs/2605.26534
2.2.1 Explicit Feasibility Layers,hard convex constraint imposition,RAYEN: Imposition of Hard Convex Constraints on Neural Networks,arXiv,2026,https://arxiv.org/abs/2307.08336v2
2.2.1 Explicit Feasibility Layers,soft-radial candidate transformation,Soft-Radial Projection for Constrained End-to-End Learning,arXiv,2026,https://arxiv.org/pdf/2602.03461
2.2.2 Equality Completion Layers,DC-OPF equality reconstruction; optional LP repair,DeepOPF: Deep neural network for DC optimal power flow,SmartGridComm,2019,https://doi.org/10.1109/SmartGridComm.2019.8909795
2.2.2 Equality Completion Layers,DC3 completion-correction,DC3: A learning method for optimization with hard constraints,ICLR,2021,https://openreview.net/forum?id=V1ZHVxJ6dSS
2.2.2 Equality Completion Layers,bounded AC-OPF prediction; power-flow completion,DeepOPF: A feasibility-optimized deep neural network approach for AC optimal power flow problems,IEEE Systems Journal,2023,https://doi.org/10.1109/JSYST.2022.3201041
2.2.2 Equality Completion Layers,reduced-policy hard constraints,Reduced Policy Optimization for Continuous Control with Hard Constraints,NeurIPS,2023,https://arxiv.org/abs/2310.09574
2.2.2 Equality Completion Layers,equality-embedded dual OPF,Self-supervised equality embedded deep Lagrange dual for approximate constrained optimization,arXiv,2023,https://arxiv.org/pdf/2306.06674
2.2.2 Equality Completion Layers,equality-embedded AL OPF,Equality-embedded Augmented Lagrangian Neural Network for DC Optimal Power Flow,IET RPG,2024,https://doi.org/10.1049/rpg2.13048
2.2.3 Optimization-Based Layers,differentiable QP layer,OptNet: Differentiable optimization as a layer in neural networks,ICML,2017,https://proceedings.mlr.press/v70/amos17a.html
2.2.3 Optimization-Based Layers,declarative optimization layer,Deep Declarative Networks: A New Hope,arXiv,2019,https://arxiv.org/abs/1909.04866
2.2.3 Optimization-Based Layers,differentiable convex layers,Differentiable convex optimization layers,NeurIPS,2019,https://proceedings.neurips.cc/paper/2019/hash/9ce3c52fc54362e22053399d3181c638-Abstract.html
2.2.3 Optimization-Based Layers,differentiable SAT-relaxation layer,SATNet: Bridging deep learning and logical reasoning using a differentiable satisfiability solver,ICML,2019,https://proceedings.mlr.press/v97/wang19e.html
2.2.3 Optimization-Based Layers,MIP-as-layer,MIPaaL: Mixed Integer Program as a Layer,AAAI,2020,https://doi.org/10.1609/aaai.v34i02.5509
2.2.3 Optimization-Based Layers,DC3 completion-correction,DC3: A learning method for optimization with hard constraints,ICLR,2021,https://openreview.net/forum?id=V1ZHVxJ6dSS
2.2.3 Optimization-Based Layers,forward-pass differentiable projection,Differentiable Projection for Constrained Deep Learning,arXiv,2021,https://arxiv.org/abs/2111.10785
2.2.3 Optimization-Based Layers,PROF differentiable projection,Enforcing policy feasibility constraints through differentiable projection for energy optimization,e-Energy,2021,https://dl.acm.org/doi/10.1145/3447555.3464874
2.2.3 Optimization-Based Layers,F-FPN implicit fixed-point layer,Feasibility-based fixed point networks,Fixed Point Theory Algorithms,2021,https://doi.org/10.1186/s13663-021-00706-3
2.2.3 Optimization-Based Layers,alternating differentiation,Alternating differentiation for optimization layers,arXiv,2022,https://arxiv.org/pdf/2210.01802
2.2.3 Optimization-Based Layers,modular implicit differentiation,Efficient and modular implicit differentiation,NeurIPS,2022,https://proceedings.neurips.cc/paper_files/paper/2022/hash/228b9279ecf9bbafe582406850c57115-Abstract-Conference.html
2.2.3 Optimization-Based Layers,ProjectNet learned updates with finite Dykstra projection,End-to-End Learning for Optimization via Constraint-Enforcing Approximators,AAAI,2023,https://ojs.aaai.org/index.php/AAAI/article/view/25884
2.2.3 Optimization-Based Layers,QP warm-start learning,End-to-end learning to warm-start for real-time quadratic optimization,L4DC,2023,https://proceedings.mlr.press/v211/sambharya23a.html
2.2.3 Optimization-Based Layers,PDE-Constrained-Layer (PDE-CL),Learning Differentiable Solvers for Systems with Hard Constraints,ICLR,2023,https://arxiv.org/abs/2207.08675
2.2.3 Optimization-Based Layers,LinSATNet extended Sinkhorn scaling,LinSATNet: The Positive Linear Satisfiability Neural Networks,ICML,2023,https://proceedings.mlr.press/v202/wang23at.html
2.2.3 Optimization-Based Layers,one-step differentiation,One-step differentiation of iterative algorithms,NeurIPS,2023,https://proceedings.neurips.cc/paper_files/paper/2023/hash/f3716db40060004d0629d4051b2c57ab-Abstract-Conference.html
2.2.3 Optimization-Based Layers,differentiable Frank-Wolfe layer,DFWLayer: Differentiable Frank-Wolfe Optimization Layer,ICLR,2024,https://arxiv.org/abs/2308.10806
2.2.3 Optimization-Based Layers,GLinSAT explicit-autodiff / implicit-differentiation variants,GLinSAT: The general linear satisfiability neural network layer by accelerated gradient descent,NeurIPS,2024,https://proceedings.neurips.cc/paper_files/paper/2024/file/dd73f39426a03131c38c8d943153d44b-Paper-Conference.pdf
2.2.3 Optimization-Based Layers,learned fixed-point warm start and unrolled rollout,Learning to warm-start fixed-point optimization algorithms,JMLR,2024,https://jmlr.org/papers/v25/23-1174.html
2.2.3 Optimization-Based Layers,PI-HC-MoE local hard constraints,Scaling physics-informed hard constraints with mixture-of-experts,ICLR,2024,https://openreview.net/forum?id=u3dX2CEIZb
2.2.3 Optimization-Based Layers,constraint boundary wandering,Constraint boundary wandering framework: Enhancing constrained optimization with deep neural networks,IEEE TPAMI,2025,https://doi.org/10.1109/TPAMI.2025.3560762
2.2.3 Optimization-Based Layers,DAE-HardNet algebraized constraint projection,DAE-HardNet: A Physics Constrained Neural Network Enforcing Differential-Algebraic Hard Constraints,arXiv,2025,https://arxiv.org/abs/2512.05881
2.2.3 Optimization-Based Layers,ENFORCE AdaNP projection,ENFORCE: Nonlinear constrained learning with adaptive-depth neural projection,arXiv,2025,https://arxiv.org/abs/2502.06774
2.2.3 Optimization-Based Layers,ProjNet encapsulated CAD projection with surrogate gradient,Enforcing convex constraints in Graph Neural Networks,arXiv,2025,https://arxiv.org/pdf/2510.11227
2.2.3 Optimization-Based Layers,feasibility-seeking step,FSNet: Feasibility-Seeking Neural Network for Constrained Optimization with Guarantees,NeurIPS,2025,https://openreview.net/forum?id=oum1txoy1D
2.2.3 Optimization-Based Layers,T-SKM-Net joint-training unrolling / post-processing variants,T-SKM-Net: Trainable Neural Network Framework for Linear Constraint Satisfaction via Sampling Kaczmarz-Motzkin Method,arXiv,2025,https://arxiv.org/pdf/2512.10461
2.2.3 Optimization-Based Layers,first-order optimization-layer training,A Fully First-Order Layer for Differentiable Optimization,ICML,2026,https://arxiv.org/abs/2512.02494v2
2.2.3 Optimization-Based Layers,Deep FlexQP unfolded quadratic subproblems,Deep FlexQP: Accelerated Nonlinear Programming via Deep Unfolding,ICLR,2026,https://openreview.net/forum?id=HL3TvE4Afm
2.2.3 Optimization-Based Layers,DisjunctiveNet DNF projection,DisjunctiveNet: Neural Symbolic Learning via Differentiable Convexified Optimization Layers,ICML,2026,https://arxiv.org/abs/2605.30456
2.2.3 Optimization-Based Layers,HS-Jacobian projection training,Efficient and Provably Convergent End-to-End Training of Deep Neural Networks with Linear Constraints,arXiv,2026,https://arxiv.org/abs/2605.11526
2.2.3 Optimization-Based Layers,HardNet++ local-linearization correction,HardNet++: Nonlinear Constraint Enforcement in Neural Networks,arXiv,2026,https://arxiv.org/pdf/2604.19669
2.2.3 Optimization-Based Layers,LMI-Net differentiable matrix-inequality projection,LMI-Net: Linear Matrix Inequality-Constrained Neural Networks via Differentiable Projection Layers,arXiv,2026,https://arxiv.org/pdf/2604.05374
2.2.3 Optimization-Based Layers,physics-constrained correction layer,Physics-Informed Neural Networks with Hard Nonlinear Equality and Inequality Constraints,Comput. Chem. Eng.,2026,https://doi.org/10.1016/j.compchemeng.2025.109418
2.2.3 Optimization-Based Layers,PiNet implicit projection layer,Pinet: Optimizing hard-constrained neural networks with orthogonal projection layers,ICLR,2026,https://openreview.net/forum?id=EJ680UQeZG
2.2.3 Optimization-Based Layers,ShardNet branch selection and QP projection,"ShardNet: Training Neural Controllers with Hard, Non-Convex Constraints",arXiv,2026,https://arxiv.org/abs/2606.30935
2.2.3 Optimization-Based Layers,SnareNet repair layer,SnareNet: Flexible Repair Layers for Neural Networks with Hard Constraints,arXiv,2026,https://arxiv.org/pdf/2602.09317
2.2.3 Optimization-Based Layers,unrolled constrained optimization,Unrolled Neural Networks for Constrained Optimization,arXiv,2026,https://arxiv.org/pdf/2601.17274
2.3.1 Feasible Combinations,activation-space parameterization,Homogeneous linear inequality constraints for neural network activations,CVPRW,2020,https://openaccess.thecvf.com/content_CVPRW_2020/html/w45/Frerix_Homogeneous_Linear_Inequality_Constraints_for_Neural_Network_Activations_CVPRW_2020_paper.html
2.3.1 Feasible Combinations,sample-specific barycentric-coordinate parameterization,Sample-Specific Output Constraints for Neural Networks,arXiv,2020,https://arxiv.org/abs/2003.10258
2.3.1 Feasible Combinations,Vertex Network,Safe reinforcement learning of control-affine systems with vertex networks,L4DC,2021,https://proceedings.mlr.press/v144/zheng21a.html
2.3.2 Feasible Distributions,probability-support parameterization,Semantic Probabilistic Layers for Neuro-Symbolic Learning,NeurIPS,2022,https://proceedings.neurips.cc/paper_files/paper/2022/hash/c182ec594f38926b7fcb827635b9a8f4-Abstract-Conference.html
2.3.2 Feasible Distributions,distributions over feasible particles,Universal Approximation Under Constraints is Possible with Transformers,ICLR,2022,https://openreview.net/forum?id=JGO8CvG5S9
2.3.2 Feasible Distributions,PAL constrained polynomial densities,A Probabilistic Neuro-symbolic Layer for Algebraic Constraint Satisfaction,UAI,2025,https://proceedings.mlr.press/v286/kurscheidt25a.html
2.3.3 Global Feasible-Set Maps,gauge map from virtual action to safe action,Computationally efficient safe reinforcement learning for power systems,ACC,2022,https://doi.org/10.23919/ACC53348.2022.9867652
2.3.3 Global Feasible-Set Maps,Gauge NN / interior-point gauge map,Safe and efficient model predictive control using neural networks: An interior point approach,CDC,2022,https://ieeexplore.ieee.org/document/9992871
2.3.3 Global Feasible-Set Maps,gauge map from unit ball,Learning to solve optimization problems with hard linear constraints,IEEE Access,2023,https://doi.org/10.1109/ACCESS.2023.3285199
2.3.3 Global Feasible-Set Maps,HoP polar homeomorphism,HoP: Homeomorphic Polar Learning for Hard Constrained Optimization,arXiv,2025,https://arxiv.org/pdf/2502.00304
2.4.1 Warm-Start Methods,AC-OPF warm start,Learning warm-start points for AC optimal power flow,MLSP,2019,https://doi.org/10.1109/MLSP.2019.8918690
2.4.1 Warm-Start Methods,learning-to-warm-start,Warm-starting AC optimal power flow with graph neural networks,NeurIPS Climate Workshop,2019,https://www.climatechange.ai/papers/neurips2019/1
2.4.1 Warm-Start Methods,AC-OPF Lagrangian learning,Learning to solve the AC optimal power flow via a Lagrangian approach,NAPS,2022,https://arxiv.org/pdf/2110.01653
2.4.1 Warm-Start Methods,QP warm-start learning,End-to-end learning to warm-start for real-time quadratic optimization,L4DC,2023,https://proceedings.mlr.press/v211/sambharya23a.html
2.4.1 Warm-Start Methods,learned fixed-point warm start and unrolled rollout,Learning to warm-start fixed-point optimization algorithms,JMLR,2024,https://jmlr.org/papers/v25/23-1174.html
2.4.1 Warm-Start Methods,dual-feasible neural warm start,Learning-Augmented Scalable Linear Assignment Problem Optimization via Neural Dual Warm-Starts,ICML,2026,https://arxiv.org/abs/2605.09382
2.4.1 Warm-Start Methods,iteration-count-aware warm-start fine-tuning,Newton's Lantern: A Reinforcement Learning Framework for Finetuning AC Power Flow Warm Start Models,arXiv,2026,https://arxiv.org/abs/2605.11102
2.4.2 Projection-Based Correction,RL-CBF action filtering,End-to-end safe reinforcement learning through barrier functions for safety-critical continuous control tasks,AAAI,2019,https://ojs.aaai.org/index.php/AAAI/article/view/4213
2.4.2 Projection-Based Correction,equality reconstruction and LP recovery,DeepOPF: A deep neural network approach for security-constrained DC optimal power flow,IEEE TPS,2021,https://doi.org/10.1109/TPWRS.2020.3026379
2.4.3 Projection-Analogous Correction,Wasserstein-based projection,Wasserstein-Based Projections with Applications to Inverse Problems,SIAM J. Math. Data Sci.,2022,https://doi.org/10.1137/20M1376790
2.4.3 Projection-Analogous Correction,homeomorphic projection,Low complexity homeomorphic projection to ensure neural-network Solution feasibility for optimization over (non-) convex set,ICML,2023,https://proceedings.mlr.press/v202/liang23a.html
2.4.3 Projection-Analogous Correction,INN-based homeomorphic projection,Homeomorphic projection to ensure neural-network solution feasibility for constrained optimization,JMLR,2024,https://jmlr.org/papers/v25/23-1577.html
2.4.3 Projection-Analogous Correction,bisection projection,Efficient Bisection Projection to Ensure Neural-Network Solution Feasibility for Optimization over General Set,ICML,2025,https://openreview.net/forum?id=HWN9CAfcav
2.4.3 Projection-Analogous Correction,bisection-based projection,Solving Chance-Constrained AC-OPF Problem by Neural Network with Bisection-Based Projection,e-Energy,2025,https://doi.org/10.1145/3679240.3734656
2.5 Hybrid Pipelines,DC3 completion-correction,DC3: A learning method for optimization with hard constraints,ICLR,2021,https://openreview.net/forum?id=V1ZHVxJ6dSS
2.5 Hybrid Pipelines,equality reconstruction and LP recovery,DeepOPF: A deep neural network approach for security-constrained DC optimal power flow,IEEE TPS,2021,https://doi.org/10.1109/TPWRS.2020.3026379
2.5 Hybrid Pipelines,equality-embedded dual OPF,Self-supervised equality embedded deep Lagrange dual for approximate constrained optimization,arXiv,2023,https://arxiv.org/pdf/2306.06674
2.5 Hybrid Pipelines,equality-embedded AL OPF,Equality-embedded Augmented Lagrangian Neural Network for DC Optimal Power Flow,IET RPG,2024,https://doi.org/10.1049/rpg2.13048
2.5 Hybrid Pipelines,AC-OPF feasibility restoration map,FRMNet: A Feasibility Restoration Mapping Deep Neural Network for AC Optimal Power Flow,IEEE TPS,2024,https://doi.org/10.1109/TPWRS.2024.3354733
2.5 Hybrid Pipelines,learned fixed-point warm start and unrolled rollout,Learning to warm-start fixed-point optimization algorithms,JMLR,2024,https://jmlr.org/papers/v25/23-1174.html
2.5 Hybrid Pipelines,ProbHardE2E DPPL,End-to-end probabilistic framework for learning with hard constraints,arXiv,2025,https://arxiv.org/pdf/2506.07003
2.5 Hybrid Pipelines,Caratheodory-style feasible decomposition,Geometric Algorithms for Neural Combinatorial Optimization with Constraints,NeurIPS,2025,https://openreview.net/forum?id=EPDLFWyNnF
3.1 Direct Generation,one-step consistency map; background,Consistency Models,ICML,2023,https://proceedings.mlr.press/v202/song23a.html
3.1 Direct Generation,FlowPG feasible-action normalizing flows,FlowPG: Action-Constrained Policy Gradient with Normalizing Flows,NeurIPS,2023,https://openreview.net/forum?id=p1gzxzJ4Y5
3.1 Direct Generation,mean-flow one-step generator; background,Mean Flows for One-step Generative Modeling,NeurIPS,2025,https://openreview.net/forum?id=uWj4s7rMnR
3.1 Direct Generation,shortcut one-step diffusion; background,One Step Diffusion via Shortcut Models,ICLR,2025,https://openreview.net/forum?id=OlzB6LnXcS
3.1 Direct Generation,physics-informed diffusion distillation,Physics-Informed Distillation of Diffusion Models for PDE-Constrained Generation,ICML,2026,https://proceedings.mlr.press/v306/zhang26gl.html
3.1 Direct Generation,PMosFM one-step feasible-coordinate transport,PMosFM: Preconditioned Manifold Matching for One-Step Physics-Constrained Generation,arXiv,2026,https://arxiv.org/abs/2609.40287
3.1 Direct Generation,physics-informed generator distillation,Ultra Fast PDE Solving via Physics Guided Few-step Diffusion,arXiv,2026,https://arxiv.org/abs/2602.03627
3.2 Autoregressive Generation,constrained beam search,Guided open vocabulary image captioning with constrained beam search,EMNLP,2017,https://aclanthology.org/D17-1098/
3.2 Autoregressive Generation,lexically constrained decoding,Fast lexically constrained decoding with dynamic beam allocation for neural machine translation,NAACL,2018,https://aclanthology.org/N18-1119/
3.2 Autoregressive Generation,Metropolis-Hastings constrained text sampling,CGMH: Constrained Sentence Generation by Metropolis-Hastings Sampling,AAAI,2019,https://arxiv.org/abs/1811.10996
3.2 Autoregressive Generation,gradient-guided language generation,Plug and play language models: A simple approach to controlled text generation,arXiv,2019,https://arxiv.org/pdf/1912.02164
3.2 Autoregressive Generation,predicate-logic constrained decoding,NeuroLogic Decoding: (Un)supervised Neural Text Generation with Predicate Logic Constraints,NAACL,2021,https://arxiv.org/abs/2010.12884
3.2 Autoregressive Generation,gradient-based constrained LM sampling,Gradient-Based Constrained Sampling from Language Models,arXiv,2022,https://arxiv.org/abs/2205.12558
3.2 Autoregressive Generation,grammar-constrained decoding,Grammar-Constrained Decoding for Structured NLP Tasks without Finetuning,EMNLP,2023,https://arxiv.org/abs/2305.13971
3.2 Autoregressive Generation,logical-circuit constrained resampling,Controllable Generation via Locally Constrained Resampling,ICLR,2025,https://proceedings.iclr.cc/paper_files/paper/2025/hash/d98ce7a82af78cd02968e79ea3fe89e8-Abstract-Conference.html
3.2 Autoregressive Generation,weighted rejection and sequential Monte Carlo,Fast Controlled Generation from Language Models with Adaptive Weighted Rejection Sampling,COLM,2025,https://openreview.net/forum?id=3BmPSFAdq3
3.2 Autoregressive Generation,ChopChop semantic prefix pruning,ChopChop: A Programmable Framework for Semantically Constraining the Output of Language Models,POPL,2026,https://doi.org/10.1145/3776708
3.2 Autoregressive Generation,CARS invalid-prefix adaptive rejection,Constrained Adaptive Rejection Sampling,ICML,2026,https://proceedings.mlr.press/v306/parys26a.html
3.2 Autoregressive Generation,global decoding with completion probabilities,Mitigating Bias in Locally Constrained Decoding via Tractable Proposals,ICML,2026,https://proceedings.mlr.press/v306/dang26c.html
3.3.1 Geometry-Aware Sampling: Reflection,barrier/reflected diffusion,Diffusion models for constrained domains,arXiv,2023,https://arxiv.org/pdf/2304.05364
3.3.1 Geometry-Aware Sampling: Reflection,reflection-based diffusion,Reflected diffusion models,ICML,2023,https://proceedings.mlr.press/v202/lou23a.html
3.3.1 Geometry-Aware Sampling: Reflection,Metropolis constrained sampling,Metropolis sampling for constrained diffusion models,NeurIPS,2024,https://openreview.net/forum?id=jzseUq55eP
3.3.1 Geometry-Aware Sampling: Reflection,Reflected flow matching,Reflected Flow Matching,arXiv,2024,https://arxiv.org/pdf/2405.16577
3.3.1 Geometry-Aware Sampling: Reflection,reflected Schrodinger bridge,Reflected Schrödinger Bridge for Constrained Generative Modeling,arXiv,2024,https://arxiv.org/pdf/2401.03228
3.3.2 Geometry-Aware Sampling: Manifolds,Riemannian diffusion,Riemannian diffusion models,NeurIPS,2022,https://proceedings.neurips.cc/paper_files/paper/2022/hash/123d3e814e257e0781e5d328232ead9b-Abstract-Conference.html
3.3.2 Geometry-Aware Sampling: Manifolds,Riemannian Schrodinger bridge,Riemannian Diffusion Schrödinger Bridge,arXiv,2022,https://arxiv.org/pdf/2207.03024
3.3.2 Geometry-Aware Sampling: Manifolds,manifold score model,Riemannian score-based generative modelling,NeurIPS,2022,https://proceedings.neurips.cc/paper_files/paper/2022/hash/105112d52254f86d5854f3da734a52b4-Abstract-Conference.html
3.3.2 Geometry-Aware Sampling: Manifolds,scalable Riemannian diffusion,Scaling riemannian diffusion models,NeurIPS,2023,https://openreview.net/forum?id=FLTg8uA5xI
3.3.2 Geometry-Aware Sampling: Manifolds,SE(3) protein diffusion,SE(3) diffusion model with application to protein backbone generation,arXiv,2023,https://arxiv.org/pdf/2302.02277
3.3.2 Geometry-Aware Sampling: Manifolds,categorical statistical-manifold flow,Categorical flow matching on statistical manifolds,NeurIPS,2024,https://openreview.net/forum?id=5fybcQZ0g4
3.3.2 Geometry-Aware Sampling: Manifolds,Fisher-geometric flow matching,Fisher flow matching for generative modeling over discrete data,arXiv,2024,https://arxiv.org/pdf/2405.14664
3.3.2 Geometry-Aware Sampling: Manifolds,Riemannian / general-geometry flow matching,Flow Matching on General Geometries,ICLR,2024,https://openreview.net/forum?id=g7ohDlTITL
3.3.2 Geometry-Aware Sampling: Manifolds,Riemannian flow matching for materials,FlowMM: Generating materials with Riemannian flow matching,arXiv,2024,https://arxiv.org/pdf/2406.04713
3.3.2 Geometry-Aware Sampling: Manifolds,Metric / geodesic flow matching,Metric flow matching for smooth interpolations on the data manifold,NeurIPS,2024,https://openreview.net/forum?id=fE3RqiF4Nx
3.3.2 Geometry-Aware Sampling: Manifolds,manifold diffusion and flow framework,Unified Framework for Diffusion Generative Models in SO(3): Applications in Computer Vision and Astrophysics,AAAI,2024,https://ojs.aaai.org/index.php/AAAI/article/download/29171/30215
3.3.3 Constraint Parameterization,mirror diffusion,Mirror diffusion models for constrained and watermarked generation,NeurIPS,2024,https://openreview.net/forum?id=XPWEtXzlLy
3.3.3 Constraint Parameterization,NAMM learned mirror map,Neural Approximate Mirror Maps for Constrained Diffusion Models,arXiv,2024,https://arxiv.org/pdf/2406.12816
3.3.3 Constraint Parameterization,Variational flow matching for graphs,Variational flow matching for graph generation,NeurIPS,2024,https://proceedings.neurips.cc/paper_files/paper/2024/hash/15b780350b302a1bf9a3bd273f5c15a4-Abstract-Conference.html
3.3.3 Constraint Parameterization,polytope flow via ball homeomorphism,Flows on convex polytopes,arXiv,2025,https://arxiv.org/pdf/2503.10232
3.3.3 Constraint Parameterization,heavy-tailed mirror flow,Mirror flow matching with heavy-tailed priors for generative modeling on convex domains,arXiv,2025,https://arxiv.org/pdf/2510.08929
3.3.3 Constraint Parameterization,simplex-to-Euclidean map,Simplex-to-Euclidean Bijections for Categorical Flow Matching,arXiv,2025,https://arxiv.org/pdf/2510.27480
3.3.3 Constraint Parameterization,categorical endpoint flow maps,Categorical Flow Maps,arXiv,2026,https://arxiv.org/pdf/2602.12233
3.3.3 Constraint Parameterization,gauge flow matching,Gauge Flow Matching: Efficient Constrained Generative Modeling over General Convex Set and Beyond,ICLR,2026,https://openreview.net/forum?id=vxq1OnaAMq
3.3.3 Constraint Parameterization,PolyFlow feasible convex-combination updates,PolyFlow: Safe and Efficient Polytope-Constrained Flow Matching with Constraint Embedding and Projection-free Update,ICML,2026,https://proceedings.mlr.press/v306/ma26ar.html
3.3.4 Decoding and Correction,projected diffusion sampling,Constrained Synthesis with Projected Diffusion Models,NeurIPS,2024,https://openreview.net/forum?id=FsdB3I9Y24
3.3.4 Decoding and Correction,ECI extrapolation-correction-interpolation,Gradient-free generation for hard-constrained systems,arXiv,2024,https://arxiv.org/pdf/2412.01786
3.3.4 Decoding and Correction,continuous MAPF projected diffusion,Multi-Agent Path Finding in Continuous Spaces with Projected Diffusion Models,arXiv,2024,https://arxiv.org/pdf/2412.17993
3.3.4 Decoding and Correction,CCFM probabilistic noisy-state correction,Chance-constrained Flow Matching for High-Fidelity Constraint-aware Generation,arXiv,2025,https://arxiv.org/pdf/2509.25157
3.3.4 Decoding and Correction,CDD constrained discrete sampling,Constrained discrete diffusion,arXiv,2025,https://arxiv.org/pdf/2503.09790
3.3.4 Decoding and Correction,CPS posterior-mean projection,Constrained Posterior Sampling: Time Series Generation with Hard Constraints,NeurIPS,2025,https://proceedings.neurips.cc/paper_files/paper/2025/file/9b01c4a7d3fc49875dad3c13848bcd9e-Paper-Conference.pdf
3.3.4 Decoding and Correction,OLLA constrained Langevin,Fast Non-Log-Concave Sampling under Nonconvex Equality and Inequality Constraints with Landing,arXiv,2025,https://arxiv.org/pdf/2510.22044
3.3.4 Decoding and Correction,CDIM constrained update,Linearly Constrained Diffusion Implicit Models,NeurIPS,2025,https://openreview.net/forum?id=TYGDG9zEML
3.3.4 Decoding and Correction,LoMAP local projection,Local Manifold Approximation and Projection for Manifold-Aware Diffusion Planning,ICML,2025,https://openreview.net/forum?id=EHG5Iv1mmb
3.3.4 Decoding and Correction,Neural SHAKE manifold projection,Neural SHAKE: Geometric Constraints in Neural Differential Equations,Journal of Cheminformatics,2025,https://jcheminf.biomedcentral.com/counter/pdf/10.1186/s13321-025-01053-w
3.3.4 Decoding and Correction,PCFM physics correction,Physics-Constrained Flow Matching: Sampling Generative Models with Hard Constraints,NeurIPS,2025,https://openreview.net/forum?id=cf4etwjY7n
3.3.4 Decoding and Correction,specular reflected Langevin,Score-based constrained generative modeling via Langevin diffusions with boundary conditions,arXiv,2025,https://arxiv.org/pdf/2510.23985
3.3.4 Decoding and Correction,projected multi-robot diffusion,Simultaneous multi-robot motion planning with projected diffusion models,arXiv,2025,https://arxiv.org/pdf/2502.03607
3.3.4 Decoding and Correction,latent proximal correction,Training-Free Constrained Generation With Stable Diffusion Models,NeurIPS,2025,https://openreview.net/forum?id=TrNB08KuHK
3.3.4 Decoding and Correction,collision correction with noise interpolation,CCFM: Collision-Constrained Flow Matching for Safety-Critical Scenario Generation,ECCV,2026,https://eccv.ecva.net/virtual/2026/poster/5969
3.3.4 Decoding and Correction,localized feedback for diffusion code repair,Constrained Code Generation with Discrete Diffusion,arXiv,2026,https://arxiv.org/abs/2605.16829
3.3.4 Decoding and Correction,grammar-constrained masked diffusion decoding,Constrained Decoding of Diffusion LLMs with Context-Free Grammars,ICLR,2026,https://proceedings.iclr.cc/paper_files/paper/2026/hash/a1622fc2f8e37ea5fc696d1c13861c36-Abstract-Conference.html
3.3.4 Decoding and Correction,stochastic proximal constrained diffusion with consensus ADMM,Constrained Diffusion for Protein Design with Hard Structural Constraints,ICLR,2026,https://openreview.net/forum?id=kkvqVRu2Zy
3.3.4 Decoding and Correction,Lagrangian dual flows for residual correction,Constrained Flow Matching via Lagrangian Dual Flows,arXiv,2026,https://arxiv.org/abs/2607.04513
3.3.4 Decoding and Correction,DiRecT constrained clean-endpoint solves,DiRecT: Safe Diffusion-Based Planning via Receding-Horizon Denoising,arXiv,2026,https://arxiv.org/abs/2606.15359
3.3.4 Decoding and Correction,landing mechanism,Efficient Diffusion Models under Nonconvex Equality and Inequality Constraints via Landing,ICML,2026,https://arxiv.org/pdf/2604.17838
3.3.4 Decoding and Correction,adaptive projection-budget scheduling,Enforcing Constraints in Generative Sampling via Adaptive Correction Scheduling,arXiv,2026,https://arxiv.org/abs/2605.11214
3.3.4 Decoding and Correction,EPIC memoized grammar completion checks,EPIC: Efficient and Parallel Inference under CFG Constraints for Diffusion Language Models,arXiv,2026,https://arxiv.org/abs/2606.00722
3.3.4 Decoding and Correction,FAST-DIPS measurement correction,FAST-DIPS: Adjoint-Free Analytic Steps and Hard-Constrained Likelihood Correction for Diffusion-Prior Inverse Problems,ICLR,2026,https://openreview.net/forum?id=voMeZVAkKL
3.3.4 Decoding and Correction,MaxSMT graph correction,Hard-Constrained Graph Generation with Discrete-Projection Diffusion,ICML,2026,https://proceedings.mlr.press/v306/zhang26fh.html
3.3.4 Decoding and Correction,predict-project-renoise sampling,Predict-Project-Renoise: Sampling Diffusion Models under Hard Constraints,arXiv,2026,https://arxiv.org/abs/2601.21033
3.3.4 Decoding and Correction,ProjFlow kinematics-aware endpoint projection,ProjFlow: Projection Sampling with Flow Matching for Zero-Shot Exact Spatial Motion Control,CVPR,2026,https://arxiv.org/abs/2602.22742
3.3.4 Decoding and Correction,SearchDiff candidate selection and token edits,Search-Augmented Masked Diffusion Models for Constrained Generation,arXiv,2026,https://arxiv.org/abs/2602.02727
3.3.4 Decoding and Correction,split augmented Langevin projection,Strictly Constrained Generative Modeling via Split Augmented Langevin Sampling,ICLR,2026,https://openreview.net/forum?id=aDJcWNmfce
3.3.5 Energy and Gradient Guidance,MCG manifold-constraint gradient guidance,Improving diffusion models for inverse problems using manifold constraints,NeurIPS,2022,https://proceedings.neurips.cc/paper_files/paper/2022/hash/a48e5877c7bf86a513950ab23b360498-Abstract-Conference.html
3.3.5 Energy and Gradient Guidance,FlowGrad generative-ODE gradient control,FlowGrad: Controlling the Output of Generative ODEs with Gradients,CVPR,2023,https://openaccess.thecvf.com/content/CVPR2023/html/Liu_FlowGrad_Controlling_the_Output_of_Generative_ODEs_With_Gradients_CVPR_2023_paper.html
3.3.5 Energy and Gradient Guidance,FreeDoM energy-guided conditional sampling,FreeDoM: Training-Free Energy-Guided Conditional Diffusion Model,arXiv,2023,https://arxiv.org/abs/2303.09833
3.3.5 Energy and Gradient Guidance,SE(3)-DiffusionFields learned pose costs,Se (3)-diffusionfields: Learning smooth cost functions for joint grasp and motion optimization through diffusion,ICRA,2023,https://doi.org/10.1109/ICRA48891.2023.10161569
3.3.5 Energy and Gradient Guidance,universal guidance,Universal Guidance for Diffusion Models,arXiv,2023,https://arxiv.org/abs/2302.07121
3.3.5 Energy and Gradient Guidance,trust sampling,Constrained Diffusion with Trust Sampling,NeurIPS,2024,https://openreview.net/forum?id=dJUb9XRoZI
3.3.5 Energy and Gradient Guidance,D-Flow differentiation through sampling flows,D-Flow: Differentiating through Flows for Controlled Generation,ICML,2024,https://arxiv.org/abs/2402.14017
3.3.5 Energy and Gradient Guidance,discrete diffusion guidance,Simple Guidance Mechanisms for Discrete Diffusion Models,ICLR,2025,https://arxiv.org/abs/2412.10193
3.3.5 Energy and Gradient Guidance,structural-statistic multiplier guidance,Feasible Flow Matching for Graph Reconstruction via Within-Sampling Primal-Dual Guidance,arXiv,2026,https://arxiv.org/abs/2609.32980
3.3.5 Energy and Gradient Guidance,flow-map terminal reward guidance,How to Guide Your Flow: Few-Step Alignment via Flow Map Reward Guidance,ICML,2026,https://proceedings.mlr.press/v306/huang26ae.html
3.3.5 Energy and Gradient Guidance,primal-dual expected token-budget guidance,Primal-Dual Guided Decoding for Constrained Discrete Diffusion,arXiv,2026,https://arxiv.org/abs/2605.09749
3.3.6 Bridges and Optimal Control,constrained diffusion bridge,Learning Diffusion Bridges on Constrained Domains,ICLR,2023,https://openreview.net/forum?id=WH1yCa0TbB
3.3.6 Bridges and Optimal Control,SafeDiffuser barrier constraints during sampling,SafeDiffuser: Safe Planning with Diffusion Probabilistic Models,arXiv,2023,https://arxiv.org/abs/2306.00148
3.3.6 Bridges and Optimal Control,manually bridged diffusion,Constrained generative modeling with manually bridged diffusion models,AAAI,2025,https://ojs.aaai.org/index.php/AAAI/article/view/34159
3.3.6 Bridges and Optimal Control,terminal constrained trajectory optimization,HardFlow: Hard-Constrained Sampling for Flow-Matching Models via Trajectory Optimization,arXiv,2025,https://arxiv.org/pdf/2511.08425
3.3.6 Bridges and Optimal Control,constricting barrier-function control,Provably Safe Generative Sampling with Constricting Barrier Functions,arXiv,2026,https://arxiv.org/abs/2602.21429
3.3.6 Bridges and Optimal Control,SafeFlowMatcher CBF correction,SafeFlowMatcher: Safe and Fast Planning Using Flow Matching with Control Barrier Functions,ICLR,2026,https://openreview.net/forum?id=refcXHU1Nh
3.3.6 Bridges and Optimal Control,TOCFlow terminal optimal control,Terminally constrained flow-based generative models from an optimal control perspective,arXiv,2026,https://arxiv.org/pdf/2601.09474
3.4.1 Training and Fine-Tuning,shortcut DDPM fine-tuning,Optimizing ddpm sampling with shortcut fine-tuning,arXiv,2023,https://arxiv.org/pdf/2301.13362
3.4.1 Training and Fine-Tuning,adjoint-matching fine-tuning,Adjoint matching: Fine-tuning flow and diffusion generative models with memoryless stochastic optimal control,arXiv,2024,https://arxiv.org/pdf/2409.08861
3.4.1 Training and Fine-Tuning,dual constrained training,Constrained diffusion models via dual training,NeurIPS,2024,https://openreview.net/forum?id=Es2Ey2tGmM
3.4.1 Training and Fine-Tuning,entropy-regularized diffusion control,Fine-tuning of continuous-time diffusion models as entropy-regularized control,arXiv,2024,https://arxiv.org/pdf/2402.15194
3.4.1 Training and Fine-Tuning,generative calibration,Calibrating Generative Models,arXiv,2025,https://arxiv.org/pdf/2510.10020
3.4.1 Training and Fine-Tuning,constrained diffusion composition,Composition and alignment of diffusion models using constrained learning,NeurIPS,2025,https://proceedings.neurips.cc/paper_files/paper/2025/file/1af991de2d4c4e679bcc5d9e23ac6bae-Paper-Conference.pdf
3.4.1 Training and Fine-Tuning,hard linear-equality constrained DGM,Deep Generative Models with Hard Linear Equality Constraints,arXiv,2025,https://arxiv.org/abs/2502.05416
3.4.1 Training and Fine-Tuning,physics-constrained flow fine-tuning,Physics-Constrained Fine-Tuning of Flow-Matching Models for Generation and Inverse Problems,arXiv,2025,https://arxiv.org/pdf/2508.09156
3.4.1 Training and Fine-Tuning,physics-informed diffusion training,Physics-Informed Diffusion Models,ICLR,2025,https://proceedings.iclr.cc/paper_files/paper/2025/hash/096347b4efc264ae7f07742fea34af1f-Abstract-Conference.html
3.4.1 Training and Fine-Tuning,softly constrained denoiser,Softly Constrained Denoisers for Diffusion Models,arXiv,2025,https://arxiv.org/pdf/2512.14980
3.4.1 Training and Fine-Tuning,unified diffusion bridge,UniDB: A Unified Diffusion Bridge Framework via Stochastic Optimal Control,arXiv,2025,https://arxiv.org/pdf/2502.05749
3.4.1 Training and Fine-Tuning,dual-conditioned score model; ensemble inference,Constrained Diffusion Models with Primal-Dual Inference,arXiv,2026,https://arxiv.org/abs/2606.17192
3.4.1 Training and Fine-Tuning,sequential augmented-Lagrangian flow fine-tuning,Constrained Flow Optimization via Sequential Fine-Tuning for Molecular Design,ICML,2026,https://proceedings.mlr.press/v306/gutjahr26a.html
3.4.1 Training and Fine-Tuning,FM-DD endpoint distance; FM-RE membership queries,Constraint-Aware Flow Matching via Randomized Exploration,TMLR,2026,https://openreview.net/forum?id=OR4h9WPJhV
3.4.1 Training and Fine-Tuning,decision-aligned flow training,Constraint-Aware Flow Matching: Decision Aligned End-to-End Training for Constrained Sampling,arXiv,2026,https://arxiv.org/pdf/2605.12754
3.4.1 Training and Fine-Tuning,MBM++ gradient-conditioned residual updates,Improved Constrained Generation by Bridging Pretrained Generative Models,arXiv,2026,https://arxiv.org/abs/2603.06742
3.4.1 Training and Fine-Tuning,rollout-trained sampling guidance,Integration Matters: Rollout-Based Training for Constrained Diffusion Models,arXiv,2026,https://arxiv.org/abs/2607.14398
3.4.1 Training and Fine-Tuning,normal perturbations and final manifold projection,Manifold-Aware Perturbations for Constrained Generative Modeling,ICML,2026,https://proceedings.mlr.press/v306/keegan26a.html
3.4.1 Training and Fine-Tuning,endpoint physics residuals; conflict-free gradients,Physics vs Distributions: Pareto Optimal Flow Matching with Physics Constraints,ICLR,2026,https://proceedings.iclr.cc/paper_files/paper/2026/hash/a57483b394a3654f4317051e4ce3b2b8-Abstract-Conference.html
3.4.1 Training and Fine-Tuning,physics-informed diffusion distillation,Physics-Informed Distillation of Diffusion Models for PDE-Constrained Generation,ICML,2026,https://proceedings.mlr.press/v306/zhang26gl.html
3.4.1 Training and Fine-Tuning,sCM-PINN structure-preserving decoder tuning,Stabilizing Physics-Informed Consistency Models via Structure-Preserving Training,KDD,2026,https://doi.org/10.1145/3770855.3819059
3.4.1 Training and Fine-Tuning,physics-informed generator distillation,Ultra Fast PDE Solving via Physics Guided Few-step Diffusion,arXiv,2026,https://arxiv.org/abs/2602.03627
3.4.1 Training and Fine-Tuning,Flow Expander entropy and verifier fine-tuning,Verifier-Constrained Flow Expansion for Discovery Beyond the Data,ICLR,2026,https://proceedings.iclr.cc/paper_files/paper/2026/hash/3317577a5bc887afa8bab810bdf31635-Abstract-Conference.html
3.4.2 Combining Mechanisms,constrained diffusion solver warm start,Efficient and Guaranteed-Safe Non-Convex Trajectory Optimization with Constrained Diffusion Model,arXiv,2024,https://arxiv.org/pdf/2403.05571
3.4.2 Combining Mechanisms,Constrained Diffusers,Constrained diffusers for safe planning and control,arXiv,2025,https://arxiv.org/pdf/2506.12544
3.4.2 Combining Mechanisms,coupled projection for joint diffusion generation,Projected Coupled Diffusion for Test-Time Constrained Joint Generation,arXiv,2025,https://arxiv.org/pdf/2508.10531
3.4.2 Combining Mechanisms,endpoint-conditioned GP source; guided flow targets,ConFlow: Constraints-Guided Learning with Flow Matching for Motion Generation,arXiv,2026,https://arxiv.org/abs/2607.14424
3.4.2 Combining Mechanisms,decision-aligned flow training,Constraint-Aware Flow Matching: Decision Aligned End-to-End Training for Constrained Sampling,arXiv,2026,https://arxiv.org/pdf/2605.12754
3.4.2 Combining Mechanisms,valence generation; charge filter; crystal diffusion,Enhancing materials discovery with valence-constrained design in generative modeling,Nat. Comput. Sci.,2026,https://www.nature.com/articles/s43588-026-01037-2
3.4.2 Combining Mechanisms,LOGDIFF Boolean-circuit score composition,Logical Guidance for the Exact Composition of Diffusion Models,ICML,2026,https://proceedings.mlr.press/v306/alesiani26a.html
3.4.2 Combining Mechanisms,retrieval-guided diffusion noise optimization,Towards Highly-Constrained Human Motion Generation with Retrieval-Guided Diffusion Noise Optimization,CVPR,2026,https://openaccess.thecvf.com/content/CVPR2026/html/Liu_Towards_Highly-Constrained_Human_Motion_Generation_with_Retrieval-Guided_Diffusion_Noise_Optimization_CVPR_2026_paper.html
4.1.1 Optimal Power Flow,ML-for-OPF survey,A survey on applications of machine learning for optimal power flow,TPEC,2020,https://doi.org/10.1109/TPEC48276.2020.9042547
4.1.1 Optimal Power Flow,fast AC-OPF penalty learning,Learning optimal solutions for extremely fast AC optimal power flow,SmartGridComm,2020,https://doi.org/10.1109/SmartGridComm47815.2020.9303008
4.1.1 Optimal Power Flow,ML for optimal power flows,Machine learning for optimal power flows,INFORMS Tutorials,2021,https://doi.org/10.1287/educ.2021.0234
4.1.1 Optimal Power Flow,projection-aware DC-OPF,Projection-aware Deep Neural Network for DC Optimal Power Flow Without Constraint Violations,SmartGridComm,2022,https://doi.org/10.1109/SmartGridComm52983.2022.9961047
4.1.1 Optimal Power Flow,bounded AC-OPF prediction; power-flow completion,DeepOPF: A feasibility-optimized deep neural network approach for AC optimal power flow problems,IEEE Systems Journal,2023,https://doi.org/10.1109/JSYST.2022.3201041
4.1.1 Optimal Power Flow,dual-feasible SOC-relaxation proxy,Dual Conic Proxies for AC Optimal Power Flow,arXiv,2023,https://arxiv.org/abs/2310.02969
4.1.1 Optimal Power Flow,generative OPF with guarantees,Fast optimal power flow with guarantees via an unsupervised generative model,IEEE TPS,2023,https://doi.org/10.1109/TPWRS.2022.3212925
4.1.1 Optimal Power Flow,AC-OPF ML critical review,Advancements and future directions in the application of machine learning to AC optimal power flow: A critical review,Energies,2024,https://doi.org/10.3390/en17061381
4.1.1 Optimal Power Flow,OPF state-of-the-art review,Optimal Power Flow: A Review of State-of-the-Art Techniques and Future Perspectives,IEEE Access,2025,https://doi.org/10.1109/ACCESS.2025.3556168
4.1.1 Optimal Power Flow,OptNet-embedded OPF proxy,OptNet-Embedded Data-Driven Approach for Optimal Power Flow Proxy,IEEE TIA,2025,http://hub.hku.hk/bitstream/10722/350203/1/content.pdf
4.1.1 Optimal Power Flow,bisection-based projection,Solving Chance-Constrained AC-OPF Problem by Neural Network with Bisection-Based Projection,e-Energy,2025,https://doi.org/10.1145/3679240.3734656
4.1.1 Optimal Power Flow,LUMINA cross-topology OPF benchmark,LUMINA: A Grid Foundation Model for Benchmarking AC Optimal Power Flow Surrogate Learning,arXiv,2026,https://arxiv.org/abs/2605.02133
4.1.1 Optimal Power Flow,projection-aware differentiable layer,MPA-DNN: Projection-Aware Unsupervised Learning for Multi-period DC-OPF,IEEE PES IM,2026,https://doi.org/10.1109/PESIM67009.2026.11438430
4.1.2 Trajectory Optimization,training-accounted invariant-set projection,Approximating Explicit Model Predictive Control Using Constrained Neural Networks,ACC,2018,https://erl.ucsd.edu/ref/Chen_DeepMPC_ACC18.pdf
4.1.2 Trajectory Optimization,adaptive CBF-QP safety filter,Adaptive Safety with Control Barrier Functions,ACC,2020,https://arxiv.org/pdf/1910.00555
4.1.2 Trajectory Optimization,differentiable CBF-QP safety layer,BarrierNet: A Safety-Guaranteed Layer for Neural Networks,arXiv,2021,https://arxiv.org/abs/2111.11277
4.1.2 Trajectory Optimization,SCPO weight-space projection,Constrained Policy Optimization via Sampling-Based Weight-Space Projection,arXiv,2025,https://arxiv.org/abs/2512.13788
4.2.1 Physics-Informed Learning,analytic conservation completion layer,Enforcing Analytic Constraints in Neural Networks Emulating Physical Systems,arXiv,2019,https://arxiv.org/abs/1909.00912
4.2.1 Physics-Informed Learning,linear-operator parameterization,Linearly Constrained Neural Networks,arXiv,2020,https://arxiv.org/abs/2002.01600
4.2.1 Physics-Informed Learning,training-side constrained optimization,Physics-Informed Neural Networks with Hard Constraints for Inverse Design,arXiv,2021,https://arxiv.org/abs/2102.04626
4.2.1 Physics-Informed Learning,distance-function boundary construction,Exact imposition of boundary conditions with distance functions in physics-informed deep neural networks,Comput. Methods Appl. Mech. Eng.,2022,https://doi.org/10.1016/j.cma.2021.114333
4.2.1 Physics-Informed Learning,space-time divergence-free parameterization,Neural Conservation Laws: A Divergence-Free Perspective,NeurIPS,2022,https://arxiv.org/abs/2210.01741
4.2.1 Physics-Informed Learning,hard-constrained neural fields,Neural Fields with Hard Constraints of Arbitrary Differential Order,NeurIPS,2023,https://openreview.net/forum?id=oO1IreC6Sd
4.2.1 Physics-Informed Learning,KKT-hPINN closed-form equality projection,Physics-Informed Neural Networks with Hard Linear Equality Constraints,arXiv,2024,https://arxiv.org/abs/2402.07251
4.2.1 Physics-Informed Learning,flux-divergence conservation architecture,Flux-form Spatiotemporal Neural Operators for Coarse-Grained Dynamics of Multiscale PDEs,arXiv,2026,https://arxiv.org/abs/2608.18148
4.2.2 Molecular and Material Design,Riemannian diffusion,Riemannian diffusion models,NeurIPS,2022,https://proceedings.neurips.cc/paper_files/paper/2022/hash/123d3e814e257e0781e5d328232ead9b-Abstract-Conference.html
4.2.2 Molecular and Material Design,Riemannian Schrodinger bridge,Riemannian Diffusion Schrödinger Bridge,arXiv,2022,https://arxiv.org/pdf/2207.03024
4.2.2 Molecular and Material Design,manifold score model,Riemannian score-based generative modelling,NeurIPS,2022,https://proceedings.neurips.cc/paper_files/paper/2022/hash/105112d52254f86d5854f3da734a52b4-Abstract-Conference.html
4.2.2 Molecular and Material Design,scalable Riemannian diffusion,Scaling riemannian diffusion models,NeurIPS,2023,https://openreview.net/forum?id=FLTg8uA5xI
4.2.2 Molecular and Material Design,SE(3) protein diffusion,SE(3) diffusion model with application to protein backbone generation,arXiv,2023,https://arxiv.org/pdf/2302.02277
4.2.2 Molecular and Material Design,AlphaFold 3 structure prediction,Accurate structure prediction of biomolecular interactions with AlphaFold 3,Nature,2024,https://doi.org/10.1038/s41586-024-07487-w
4.2.2 Molecular and Material Design,Riemannian / general-geometry flow matching,Flow Matching on General Geometries,ICLR,2024,https://openreview.net/forum?id=g7ohDlTITL
4.2.2 Molecular and Material Design,Riemannian flow matching for materials,FlowMM: Generating materials with Riemannian flow matching,arXiv,2024,https://arxiv.org/pdf/2406.04713
4.2.2 Molecular and Material Design,Metric / geodesic flow matching,Metric flow matching for smooth interpolations on the data manifold,NeurIPS,2024,https://openreview.net/forum?id=fE3RqiF4Nx
4.2.2 Molecular and Material Design,inorganic material generation,A generative model for inorganic materials design,Nature,2025,https://doi.org/10.1038/s41586-025-08628-5
4.2.2 Molecular and Material Design,defect-structure relaxation,Constrained Diffusion for Accelerated Structure Relaxation of Inorganic Solids with Point Defects,NeurIPS AI4Mat Workshop,2025,https://openreview.net/forum?id=L3LYjJJoL5
4.2.2 Molecular and Material Design,Neural SHAKE manifold projection,Neural SHAKE: Geometric Constraints in Neural Differential Equations,Journal of Cheminformatics,2025,https://jcheminf.biomedcentral.com/counter/pdf/10.1186/s13321-025-01053-w
4.2.2 Molecular and Material Design,stochastic proximal constrained diffusion with consensus ADMM,Constrained Diffusion for Protein Design with Hard Structural Constraints,ICLR,2026,https://openreview.net/forum?id=kkvqVRu2Zy
4.2.2 Molecular and Material Design,Gauss-Seidel biomolecular projection,Physically Valid Biomolecular Interaction Modeling with Gauss-Seidel Projection,ICLR,2026,https://openreview.net/forum?id=sJABnBEYeh
4.3 Evaluator-Guided Generation,shortcut DDPM fine-tuning,Optimizing ddpm sampling with shortcut fine-tuning,arXiv,2023,https://arxiv.org/pdf/2301.13362
4.3 Evaluator-Guided Generation,adjoint-matching fine-tuning,Adjoint matching: Fine-tuning flow and diffusion generative models with memoryless stochastic optimal control,arXiv,2024,https://arxiv.org/pdf/2409.08861
4.3 Evaluator-Guided Generation,entropy-regularized diffusion control,Fine-tuning of continuous-time diffusion models as entropy-regularized control,arXiv,2024,https://arxiv.org/pdf/2402.15194
4.3 Evaluator-Guided Generation,generative calibration,Calibrating Generative Models,arXiv,2025,https://arxiv.org/pdf/2510.10020
